INDICADOR,"Aguascalientes, ISSSSPEA","Baja California, ISSSTECALI","Campeche, ISSSTECAM","Chiapas, ISSTECH","Chihuahua, PCE",Colima,"Durango, DPE","Estado de México, ISSEMyM","Guanajuato, ISSEG","Guerrero, ISSSPEG","Jalisco, IPEJAL","Michoacán, DPCE","Morelos, ICTSEGM",Nayarit,"Nuevo León, ISSSTELEON",Oaxaca,"Puebla, ISSSTEP","Sinaloa, IPES","Sinaloa, ISSSTESIN","Sonora, ISSSTESON","Tabasco, ISSET","Tamaulipas, IPSSET","Veracruz, IPE","Yucatán, ISSTEY","Zacatecas, ISSSTEZAC"
1. Bloque: Resumen Ejecutivo,"El Instituto de Seguridad y Servicios Sociales de los Servidores Públicos del Estado de Aguascalientes (ISSSSPEA) se rige por un sistema mixto de pensiones, opera  como un Organismo Público Descentralizado del Poder Ejecutivo del Estado, bajo la dirección del Mtro. Mario Alberto Álvarez Michaus.

El Instituto fue creado formalmente el 1 de enero de 1991, se rige primordialmente por la Ley de Seguridad y Servicios Sociales para los Servidores Públicos del Estado de Aguascalientes, la cual ha sido fortalecida recientemente mediante su última reforma en el año 2025, orientada a garantizar la sostenibilidad financiera y la mejora de los servicios.

El régimen de seguridad social del ISSSSPEA es obligatorio para  trabajadores vinculados al sector público estatal, incluyendo:

Poder Ejecutivo: Todos los trabajadores de base y de confianza de las dependencias centralizadas del Estado.

Organismos Descentralizados: Personal de organismos públicos descentralizados que tengan convenios de incorporación vigentes.

Poderes Legislativo y Judicial: Diputados, magistrados, jueces y todo el personal administrativo de ambos poderes locales.

Municipios: Los trabajadores de los diversos ayuntamientos del estado que, por ley o convenio, están adscritos al instituto.

Organismos Autónomos: Personal de instituciones como la Comisión Estatal de Derechos Humanos o el Instituto Estatal Electoral. ","El ISSSTECALI es un Organismo Público Descentralizado con personalidad jurídica y patrimonio propios, cuya misión es proporcionar seguridad social a los servidores públicos del Estado de Baja California y sus municipios. 

El Instituto fue fundado el 1 de enero de 1971, tras la promulgación de su Ley de Seguridad y Servicios Sociales. Su creación respondió a la necesidad de unificar la atención médica y las pensiones de los trabajadores del Estado, que anteriormente dependían de esquemas dispersos o carecían de una red hospitalaria propia.

Actualmente, la institución se encuentra bajo la titularidad del L.A.P. y C.P. Luis Gilberto Gallego Cortez. El ISSSTECALI opera bajo un sistema de beneficio definido (reparto), el cual ha enfrentado retos estructurales importantes, siendo su última reforma relevante en el año 2015 (orientada principalmente al sector magisterial y burocracia).

El ISSSTECALI cubre a tres sectores fundamentales del sector público estatal:

Profesores y personal de apoyo a la educación dependientes del Gobierno del Estado (Sección 37 del SNTE y SETE). Este es el grupo con mayor peso en la nómina de jubilados.

Trabajadores de las distintas dependencias y secretarías del Poder Ejecutivo, así como del Poder Legislativo y Judicial de Baja California.

Personal de los Ayuntamientos (Tijuana, Mexicali, Ensenada, Rosarito, Tecate, San Quintín y San Felipe) y sus respectivos organismos descentralizados (como los organismos operadores de agua).

Instituciones como la Fiscalía General del Estado (FGE) y la Comisión Estatal de Derechos Humanos, bajo convenios específicos.","El ISSSTECAM es el organismo encargado de administrar la seguridad social de los servidores públicos en el Estado de Campeche. Actualmente bajo la titularidad del Mtro. Manuel Enrique Pina Hernández, el instituto opera bajo un sistema de beneficio definido (reparto), el cual ha su última reforma fue en el año 2019. Esta reforma fue clave para ajustar los parámetros de aportación y garantizar la solvencia ante los retos demográficos actuales.

El instituto de Seguridad y Servicios Sociales de los Trabajadores del Estado de Campeche (ISSSTECAM) fue creado en 1987 con el objetivo de restablecer un régimen de Seguridad y Servicios Sociales a favor de los trabajadores del Estado de Campeche, así como garantizar la protección a través de prestaciones.","El Instituto de Seguridad Social de los Trabajadores del Estado de Chiapas (ISSTECH) es el organismo encargado de brindar seguridad social a los servidores públicos estatales, magisterio y ayuntamientos de la entidad. Bajo la dirección del Mtro. Luis Ignacio Avendaño Bermúdez, el instituto opera un sistema integral que fue actualizado mediante su reforma de 2018, buscando equilibrar las aportaciones ante el envejecimiento de su población derechohabiente.

El ISSTECH fue creado formalmente el 1 de septiembre de 1981, tras la publicación de su Ley en el Periódico Oficial del Estado de Chiapas.
Su fundación tuvo como objetivo central unificar y modernizar la seguridad social de los trabajadores al servicio del Estado, que anteriormente operaba bajo esquemas menos integrados, estableciendo desde entonces un modelo que combina pensiones con servicios de salud directos.

El ISSTECH funciona bajo un Sistema de Beneficio Definido y se encuentra adscrito a la Secretaría de Hacienda del Estado. La estructura de financiamiento tras la última reforma establece una cuota del trabajador del 12% y una aportación patronal del 15.10%. Es un instituto que combina la administración de pensiones con una red de servicios de salud propia y subrogada, lo que lo convierte en un pilar del bienestar social en el estado.","Pensiones Civiles del Estado de Chihuahua (PCE) es una institución emblemática de seguridad social, reconocida históricamente por la calidad de sus servicios médicos y la amplitud de sus prestaciones. Bajo la titularidad del Lic. Gilberto Baeza Mendoza, el instituto opera un Sistema Mixto que combina el beneficio definido con cuentas individuales, tras su reforma estructural de 2013.

El PCE fue fundado el 1 de febrero de 1957. Nació como una respuesta a la necesidad de otorgar seguridad social digna a los trabajadores del estado, siendo en su momento uno de los institutos más avanzados del país.

PCE funciona como un organismo descentralizado del Poder Ejecutivo Estatal, adscrito a la Secretaría de Hacienda.

El universo de PCE  agrupa en su régimen:

Magisterio Estatal: Es el grupo más numeroso y el que cuenta con las prestaciones más robustas (como el aguinaldo de 93 días). Incluye a docentes y personal administrativo de la educación estatal.

Burocracia del Poder Ejecutivo: Trabajadores de todas las secretarías y dependencias del Gobierno del Estado de Chihuahua.

Poder Legislativo y Judicial: Diputados, jueces, magistrados y todo el personal administrativo del Congreso del Estado y del Tribunal Superior de Justicia.

Organismos Descentralizados: Personal de instituciones como la Universidad Autónoma de Chihuahua (UACH), la Junta Central de Agua y Saneamiento (JCAS), y diversos institutos tecnológicos que tienen convenio de afiliación.

Municipios: Trabajadores de los ayuntamientos que han firmado convenios específicos para que PCE administre sus pensiones y servicios de salud.","El IPECOL es el organismo encargado de gestionar la seguridad social de los trabajadores al servicio del Estado de Colima. Actualmente se encuentra bajo la titularidad del Ing. Hugo Alejandro Vázquez Montes. El instituto opera bajo un Sistema de Beneficio Definido y su marco legal vigente fue consolidado tras la reforma de 2018, la cual buscó dotar de mayor transparencia y orden financiero al fondo. Como organismo descentralizado, se encuentra adscrito a la Secretaría de Planeación, Finanzas y Administración del Gobierno del Estado. El esquema de financiamiento establece una cuota del trabajador del 5% y una aportación patronal del 2.50%, cifras que destacan por ser de las más bajas en comparación con otros institutos estatales.

El IPECOL fue creado formalmente el 19 de septiembre de 2018, tras la aprobación de la Ley de Pensiones de los Servidores Públicos del Estado de Colima. Surgió como una medida crítica para rescatar el sistema de seguridad social estatal, el cual operaba anteriormente bajo un esquema fragmentado y con graves problemas de solvencia.

El IPECOL agrupa a la totalidad de la fuerza laboral que sostiene la administración pública y los servicios estatales en Colima:

Magisterio Estatal: Docentes y personal administrativo pertenecientes a las secciones sindicales estatales. 

Burocracia del Poder Ejecutivo: Trabajadores de base y confianza de todas las secretarías, direcciones y dependencias del Gobierno del Estado.

Poder Legislativo y Judicial: Diputados, personal del Congreso del Estado, así como jueces, magistrados y administrativos del Supremo Tribunal de Justicia.

Municipios: Trabajadores de los 10 Ayuntamientos del estado que, por ley, deben cotizar al instituto para garantizar el retiro de sus empleados.

Organismos Descentralizados y Autónomos: Personal de instituciones como el DIF Estatal, la Comisión de Derechos Humanos y diversos institutos que dependen del presupuesto estatal.","La Dirección de Pensiones del Estado de Durango es el organismo encargado de administrar la seguridad social y el fondo de retiro de los servidores públicos estatales. Bajo la titularidad del Lic. Lorenzo Martínez Delgadillo, la institución opera un Sistema de Beneficio Definido. Su marco legal vigente se sustenta en la reforma de 2018, la cual introdujo cambios paramétricos para intentar contener el pasivo actuarial. El instituto se encuentra sectorizado bajo la Secretaría de Finanzas y de Administración, con un esquema de financiamiento que establece una cuota del trabajador del 13.50% y una aportación patronal del 18.50%.

La Dirección de Pensiones de Durango tiene sus raíces en la Ley de Pensiones Civiles promulgada originalmente en 1951. A lo largo de las décadas, el organismo ha pasado por diversas reestructuraciones legales para adaptarse a los cambios demográficos.

El régimen de Durango  en términos de representatividad gremial, integrando a los pilares de la administración pública estatal:

Magisterio Estatal: Es el sector con mayor peso político y social dentro del instituto. Incluye a los docentes y personal de apoyo de la educación pública dependiente del estado. Este grupo es beneficiario del aguinaldo de 90 días, una de las conquistas sindicales más notables de la entidad.

Burocracia del Poder Ejecutivo: Trabajadores de base y confianza de todas las secretarías, dependencias y direcciones generales que conforman el Gobierno del Estado de Durango.

Poder Legislativo y Judicial: Diputados, magistrados, jueces y todo el personal administrativo que labora en el Congreso del Estado y el Tribunal Superior de Justicia.

Organismos Descentralizados: Personal de instituciones autónomas o con personalidad jurídica propia que mantienen convenios de afiliación con la Dirección de Pensiones para garantizar el retiro de sus empleados.","El ISSEMyM es una de las instituciones de seguridad social más robustas y complejas del país, encargada de brindar atención integral a los servidores públicos del Estado de México. Bajo la titularidad del Lic. Ignacio Salgado García, el instituto opera un Sistema Mixto que combina el beneficio definido con cuentas individuales. Su marco legal se sustenta en la reforma de 2012 (con ajustes posteriores), la cual buscó dar viabilidad a un sistema que atiende tanto a la burocracia estatal como a los 125 municipios de la entidad. Se encuentra adscrito a la Secretaría de Finanzas y maneja un esquema de financiamiento con una cuota del trabajador del 12.12% y una aportación patronal del 15.5%.

Fue fundado formalmente en 1969, consolidando diversos esquemas de protección social preexistentes en la entidad.

Se encuentran incorporados al regimén los servidores públicos de los Poderes Ejecutivo, Legislativo y Judicial, organismos autónomos, personal docente estatal y los trabajadores de los 125 Ayuntamientos del Estado de México.","El ISSEG es un organismo público descentralizado con personalidad jurídica y patrimonio propios, encargado de la seguridad social de los servidores públicos de Guanajuato, el instituto opera un Sistema de Beneficio Definido que es referente nacional por su viabilidad de largo plazo. Su marco legal se rige por la Ley del ISSEG de 2002, la cual sentó las bases para un modelo de capitalización eficiente. Se encuentra adscrito a la Secretaría de Finanzas, Inversión y Administración.

Fue fundado formalmente el 1 de enero de 1982, consolidando los fondos de pensiones existentes en una sola institución autónoma.

Pertenecen a este regimén todos los Servidores públicos de los tres Poderes del Estado, organismos autónomos, personal de la Universidad de Guanajuato y los trabajadores de los 46 Municipios de la entidad.

","El ISSSPEG es el organismo responsable de la seguridad social de los trabajadores al servicio del Estado de Guerrero y sus municipios. Bajo la actual gestión de la Mtra. Rosita Espinoza Ortega, el instituto opera bajo un Sistema de Beneficio Definido, actuando como un ente descentralizado sectorizado a la Secretaría de Finanzas y Administración. El esquema de financiamiento es uno de los más altos en términos de aportación patronal, estableciendo una cuota del trabajador del 11.50% y una aportación estatal del 29%, reflejando la necesidad de un flujo constante para sostener las obligaciones del fondo.

El ISSSPEG tiene sus fundamentos legales en la Ley de Seguridad Social del Estado de Guerrero, evolucionando para integrar a los trabajadores municipales en un solo fondo solidario.

Pertenecen a ella Servidores públicos de los tres Poderes del Estado (Ejecutivo, Legislativo y Judicial), organismos públicos descentralizados y los trabajadores de los ayuntamientos de Guerrero que han suscrito convenio de afiliación.",,,,,,,,,,,,,,,
,,,,,,,,,,,,,,,,,,,,,,,,,
Nombre del titular,Mtro. Mario Alberto Álvarez Michaus,L.A.P. y C.P. Luis Gilberto Gallego Cortez,Lic. Manuel Enrique Pino Castilla,Mtro. Luis Ignacio Avendaño Bermúdez,Lic. Gilberto Baeza Mendoza,Ing. Hugo Alejadro Vázquez Montes,Lic. Lorenzo Martínez Delgadillo,Lic. Ignacio Salgado García,Mtra. Judith Juárez Guzmán,Mtra. Rosita Espinoza Ortega,L.C. Juan Partida Morales,Lic. Pedro Gustavo Valenzuela Cantellano,Enrique Iragorri Durán,C.P. Guillermo Álvarez Hernández,Lic. José Carlos Hernández,Mtro. José Elpidio Altamirano López,Dr. Luis Antonio Godina Herrera,Lic. Julio Guadalupe Sánchez Aguilar,Lic. Everardo Gaxiola Gaxiola,Dr. Héctor Manuel Esparza Ledezma,Dr. Rodolfo Lehmann Mendoza,Lic. Sandra Ivonne Mejía Bárcena,Mtro. Luis Octavio Hernández Lara,C.P. Diego David Cetz Pech,C. P. José Ignacio Sánchez González
,,,,,,,,,,,,,,,,,,,,,,,,,
Tipo de sistema,Mixto,Beneficio Definido,Beneficio Definido,Beneficio definido ,Mixto (cuentas individuales y Beneficio definido),Beneficio Definido,Beneficio Definido,Mixto,Beneficio Definido,Beneficio Definido,Beneficio Definido,Beneficio Definido ,Beneficio definido,"Esquema mixto, es decir una parte opera bajo un esquema de beneficio definido y la otra bajo un esquema de contribución definida con cuentas individualizadas que administrará una AFORE",Mixto,Beneficio Definido,Mixto,Mixto,Beneficio Definido ,Beneficio Definido ,Beneficio Definido,Beneficio Definido,Beneficio Definido,Beneficio Definido,Beneficio Definido
,,,,,,,,,,,,,,,,,,,,,,,,,
Año última Reforma,2025,2015,2019,2018,2013,2018,2018,,2022,,2009,2015,,2023,2020,2012,2013,2020,,,2015,2025,2014,2017,2024
,,,,,,,,,,,,,,,,,,,,,,,,,
Cuotas Trabajador (%),9.50%,"Magisterio 12%
Burocracía 11%",10%,12%,Beneficio Definido 12% Cuentas individuales 14%,5%,13.50%," 5.5% para prestaciones socioeconómicas, sumadas a aportaciones para el fondo de pensiones. Los trabajadores (desde 2002) tienen una cuenta individual de capitalización con aportaciones propias, de la dependencia y voluntarias.",15%,11.50%,11.50%,11%,0.00%,14.88%,9%,9%,5.50%,"Los trabajadores aportarán el 10.63% del salario sujeto a cotización, el cual les será descontado en la nómina y/o recibo de pago, distribuido de la siguiente manera: 
a). 6.125% para cuenta individual.
b). 4.5% para invalidez y vida. ",5%,"Pensiones y Jubilaciones: 10.00%
Servicios Médicos: 5.5%
Préstamos a corto plazo: 0.5%
Préstamos prendarios: 0.5%
Indemnización global: 
Ayuda funeral:
Gastos de Administración:
Infraestructura y equipamiento:1.0%
Total: 17.5%","Prestaciones Médicas: 3.5%
Seguro de Vida y Apoyo Gastos Funerarios: 0.5%
Cuenta Individual: 5.40
Pensiones del esquema de Beneficio Definido: 4.60%",10.50%,12%,12%,"2024: 13.00%
2025 – 2026: Aumento del 1.0%
2027 – 2042: 16.00%
2043 – 2057: Disminución del 0.5%
2058 en adelante: 8.00%"
,,,,,,,,,,,,,,,,,,,,,,,,,
Aportación Estado (%),28.50%,"Magisterio 20%
Burocracía 11.61%",15%,15.10%,17%,2.50%,18.50%,,67%,29%,20.50%,13%,0.00%,18.16%,12%,18.50%,13%,"Los empleadores, aportarán mensualmente al Instituto 10% del salario sujeto a cotización de los trabajadores, distribuido de la siguiente manera:
a). 5.175% para cuenta individual.
b). 2.075% para invalidez y vida.
c). 1% para administración.
d). 1% para pensión mínima garantizada.
e). 0.75% para pensiones de incapacidad y muerte por riesgo de trabajo.
Adicionalmente, los empleadores aportarán mensualmente una cantidad equivalente al
5.5% del salario mínimo general vigente en el Estado de Sinaloa, elevado al mes, a la
cuenta individual de cada trabajador.",12.75%,"Pensiones y Jubilaciones: 17.00%
Servicios Médicos: 7.5%
Préstamos a corto plazo: 0.5%
Préstamos prendarios: 0.5%
Indemnización global:0.4% 
Ayuda funeral:0.1%
Gastos de Administración:2.5%
Infraestructura y equipamiento:1.0%
Total: 29.5%","Prestaciones Médicas: 14.49%
Seguro de Vida y Apoyo Gastos Funerarios: 0.49%
Cuenta Individual: 0%
Pensiones del esquema de Beneficio Definido: 7.99%",27%,20%,14%,"2024: 26.00%
2025 – 2026: Aumento del 2.0%
2027 – 2037: 32.00%
2038 – 2042: 38.00%
2043 – 2069: Disminución del 1.0%
2070 en adelante: 10.00%"
,,,,,,,,,,,,,,,,,,,,,,,,,
Adscripción / Sectorizado,"Organismo Público Descentralizado del Poder Ejecutivo del Estado, con autonomía técnica operativa.",Secretaría de Salud de Baja California,Secretaría de Administración e Innovación Gubernamental,Secretaría de Hacienda,Descentralizado del Poder Ejecutivo Estatal (Secretaría de Hacienda),"Organismo descentralizado de la Secretaría de Planeación, Finanzas y Administración",Secretaría de Finanzas y de Administración,,"Secretaría de Finanzas, Inversión y Administración",Secretaria de Finanzas y Administración,,Secretaría de Finanzas y Administración,,Secretaría de Finanzas y Administración,Secretaría de Finanzas y Tesorería General del Estado,Secretaría de Administración,Secretaría de Salud del Estado de Puebla,Secretaría de Administración y Finanzas,,,,,Secretaría de Finanzas y Planeación del Estado de Veracruz (SEFIPLAN),,
,,,,,,,,,,,,,,,,,,,,,,,,,
,,,,,,,,,,,,,,,,,,,,,,,,,
2. Bloque: Demografía y Seguridad Social,"El Instituto brinda cobertura a una población derechohabiente de 31,024 personas, manteniendo una relación de 2.61 trabajadores activos por cada pensionado. Los indicadores clave muestran una fuerza laboral madura y un sistema de pensiones protector:

Población Activa: 22,448 cotizantes (edad promedio: 42 años; salario promedio: $18,420.00).

Población Pensionista: 8,576 beneficiarios (edad promedio: 71 años; pensión promedio: $24,850.00).

Para mantener el equilibrio del fondo, se aplican límites de pensión que oscilan desde 1 salario mínimo general (piso de subsistencia) hasta un máximo de 10 UMAS (aproximadamente entre $33,000 y $35,000 mensuales).","El perfil demográfico del ISSSTECALI refleja un sistema de seguridad social en una etapa de madurez avanzada, caracterizado por una presión creciente sobre el fondo de pensiones debido al envejecimiento de su base de afiliados y la alta cuantía de sus beneficios.

La relación Activo/Pensionadose sitúa en 2.04, una cifra críticamente baja para un sistema de beneficio definido. Esto significa que el esfuerzo contributivo de solo dos trabajadores debe financiar la pensión de un jubilado, lo que explica la necesidad de subsidios externos.

Uno de los aspectos más distintivos del ISSSTECALI es el nivel de sus percepciones, influenciado principalmente por los contratos colectivos del Magisterio y la Burocracia:

La Pensión Promedio: Asciende a $46,774.16, siendo una de las más altas a nivel nacional. El hecho de que la pensión promedio sea superior al salario activo promedio se debe a que los trabajadores que se jubilan actualmente pertenecen a categorías con antigüedades y niveles salariales elevados (pensiones dinámicas), lo que representa el mayor reto para la viabilidad financiera del bloque.

A diferencia de otros sistemas, el ISSSTECALI maneja topes pensionarios que suelen estar vinculados a los salarios integrados de los niveles más altos del escalafón burocrático y magisterial, lo que permite pensiones de cuantía considerable pero que requieren un monitoreo constante para evitar disparidades que comprometan la equidad del sistema.","La estructura demográfica de Campeche muestra un sistema con un margen de maniobra saludable. Con una población activa de 18,200 cotizantes y 6,300 pensionados, el Instituto mantiene una relación de soporte de 2.8, lo que significa que la base de trabajadores activos es lo suficientemente sólida para sostener la carga de pensionados actuales. La edad promedio del pensionista es de 69 años, mientras que la fuerza laboral activa tiene un promedio de 39 años, lo que indica que el grueso de las jubilaciones masivas aún se encuentra a dos décadas de distancia.","El instituto atiende a una población derechohabiente total de 88,641 personas, con una fuerza laboral de 64,106 cotizantes y 24,535 pensionados. La relación activo/pensionado es de 2.61, lo que indica que por cada jubilado hay poco más de dos trabajadores activos aportando al fondo. Con una edad promedio de 42.6 años en activos.","La dinámica demográfica de PCE refleja un sistema en una etapa de madurez extrema, lo que genera una presión financiera considerable. Atiende a una población total de 66,527 derechohabientes, donde la fuerza laboral activa de 43,155 cotizantes se ve presionada por un sector pensionado muy numeroso de 23,372 beneficiarios. Esta composición resulta en una relación activo/pensionado de 1.84, lo que significa que ni siquiera dos trabajadores activos son suficientes para financiar la pensión de un jubilado, una de las más bajas y presionadas del país. Además, el desbalance se acentúa al observar que la pensión promedio ($26,729.00) es casi el doble del salario promedio activo ($14,887.00), evidenciando un sistema que otorga beneficios de alta cuantía frente a una base aportante con ingresos menores.



","El perfil demográfico de Colima revela un sistema con una base sólida de cotizantes activos, aunque con una tendencia de envejecimiento estable. El instituto atiende a una población total de 23,087 derechohabientes, compuesta por 16,766 trabajadores en activo y 6,321 pensionados, lo que arroja una relación activo/pensionado de 2.65. En cuanto a sus indicadores de edad, la Población Activa tiene un promedio de 42 años, mientras que la Población Pensionista promedia los 66 años. Financieramente, el sistema reporta un Salario promedio en activos de $17,450.00, frente a una Pensión promedio de $20,926.93, evidenciando que los beneficios de retiro suelen ser superiores a la media salarial actual de la base.","El escenario demográfico de Durango muestra una base de cotizantes amplia pero con retos estructurales en la cuantía de los beneficios. El instituto atiende a una población total de 28,618 derechohabientes, compuesta por 21,345 trabajadores en activo y 7,273 pensionados. Esto arroja una de las relaciones de soporte más altas del país con 2.93 activos por cada pensionado.

El Salario promedio de la Población Activa es de $18,920.00, mientras que la Pensión promedio es de $21,450.00. Al igual que en otros estados maduros, la pensión promedio supera al salario de los trabajadores en activo, lo que genera una presión constante sobre el fondo.","La magnitud demográfica del instituto es masiva y constituye su principal reto de gestión. El ISSEMyM atiende a una población total de 378,215 cotizantes activos y 76,432 pensionados, lo que arroja una relación activo/pensionado de 4.94. Aunque este indicador es superior al de otros estados, la presión financiera es evidente al observar que la pensión promedio ($24,150.00) supera considerablemente al salario promedio activo ($15,840.00). Con una edad promedio de 41 años en activos y 67 años en pensionados, el instituto debe prepararse para una transición demográfica acelerada que pondrá a prueba su capacidad de pago en la próxima década.","La estructura demográfica de Guanajuato es una de las más equilibradas del sistema mexicano. El ISSEG atiende a una población activa de 72,450 cotizantes frente a 18,320 pensionados, lo que resulta en una relación activo/pensionado de 3.95. Esta base de soporte, casi de cuatro a uno, asegura un flujo de ingresos constante que supera por mucho la velocidad de jubilación. Con una edad promedio de 40 años en activos y 69 años en pensionados, el instituto goza de una juventud laboral que, sumada a una pensión promedio de $19,850.00, mantiene el sistema en un dinamismo económico saludable y predecible.","Guerrero presenta una estructura demográfica que, en números brutos, muestra una base de activos muy superior a su nómina de pensionados. El instituto atiende a una población total de 38,490 derechohabientes, compuesta por 32,254 trabajadores activos y 6,236 pensionados. Esta configuración arroja una relación activo/pensionado de 5.17, la más alta de los estados analizados hasta ahora, lo que teóricamente debería proporcionar una liquidez operativa saludable. El sistema establece un límite de pensión máximo de 12 salarios mínimos, buscando controlar el crecimiento del pasivo pensionario.",,,,,,,,,,,,,,,
,,,,,,,,,,,,,,,,,,,,,,,,,
Población Derechohabiente (Total),"31,024","67,917","24,500","88,641","66,527",23087,28618,"462905
840,000 personas (incluyendo dependientes)","92,391","38,490","190,055","69,716","11,586","18,073","64,896","25,049","75,780","15,168","49,882","80,471","95,382","57,136","136,344","39,919","25,013"
,,,,,,,,,,,,,,,,,,,,,,,,,
Población Pensionista,"8,576","18,109","6,300","24,535","23,372","6,321","7,273",85099,"23,373","6,236","57,055","11,807","5,358","4,698","16,982","4,226","8,354","1,889","19,886","20,305","13,797","6,893","37,713","8,013","5,488"
,,,,,,,,,,,,,,,,,,,,,,,,,
Población Activa,"22,448","49,808","18,200","64,106","43,155","16,766","21,345","378,215","69,018","32,254","133,000","57,909","6,228","13,375","47,914","20,823","67,426","13,279","29,996","60,166","81,585","50,243","98,631","31,906","19,525"
,,,,,,,,,,,,,,,,,,,,,,,,,
Relación Activo/Pensionado,2.61,2.75,2.8,2.61,1.84,2.65,2.93,4.43,2.95,5.17,2.33,6.26,1.16,2.85,2.82,4.92,8.1,7.02,1.5,2.96,,7.28,2.6,4.8,3.55
,,,,,,,,,,,,,,,,,,,,,,,,,
Edad promedio Pensionista,71,68.4,69,71.4,64,66,68,67,69,69,,65.9,63,63.9,68.5,63,71,60.4,67,65.19,64.2,69.11,70.12,65,65
,,,,,,,,,,,,,,,,,,,,,,,,,
Edad promedio Población Activa,42,43.8,39,42.6,42,42,44,41,40,43,,42.44,41,43.1,43.1,44,46,44.5,43,44.6,46.8,45.15,46.91,44,46.26
,,,,,,,,,,,,,,,,,,,,,,,,,
Pensión promedio,"24,850.00","46,774.16","19,200.00","22,145","26,729",20926.93,"21,450","$24,150.00","19,850","19,250",,"15,661.78","12,203","20,211","26,862","27,948.71","19,552.97","21,011.93","22,795.11","25,563.96","10,872","16,896",19679,"16,554","21,326.24"
,,,,,,,,,,,,,,,,,,,,,,,,,
Salario promedio Población Activa,"18,420.00","27,931.91","16,850.00.","16,830","14,887","17,450.00","18,920","15,840","17,210","16,920",,"12,983.28",,"12,156",,,,,,"19,422.81","7,464",,16191,,"16,666"
,,,,,,,,,,,,,,,,,,,,,,,,,
Límites de pensión (Mín-Máx),"1 salario mínimo general vigente en el estado (garantizando el piso de subsistencia).

El tope establecido es de 10 UMAS (para evitar la descapitalización por pensiones de alta gama), lo que equivale aproximadamente a $33,000.00 - $35,000.00 mensuales, dependiendo del valor diario de la UMA en el ejercicio fiscal correspondiente.",Mínimo de 2 SM y máximo de 20 SM por día para burocracia y 30 SM por día para magisterio,Mínima de 1 salario mínimo y máxima topada a 10 UMAS,Máximo de 10 Unidades de Medida y Actualización y mínimo al monto mensual que establezca la Junta Directiva,,Mínima 1 SM y máxima 16 UMAS,Máximo de 18 SM y mínimo 2 SM,"$554,420.38",Máximo de 18 SM y mínimo 2 SM,Máximo de 12SM, 25 veces el salario mínimo general mensual vigente ,"Ningún pago mensual por jubilación será inferior al salario mínimo general vigente en la
capital del estado.
Las pensiones* y jubilaciones darán derecho al pago de una cantidad máxima de
hasta 20 veces la Unidad de Medida y Actualización.",,,Máximo de 25 SM y mínimo 1 SM,Máximo de 17 SM y mínimo 1 SM,"El tope es de 10 UMAS, resultando en aproximadamente $35,193.00 MXN mensuales",16 salarios mínimos generales diarios,,Pensión Mínima La pensión por jubilación no podrá ser menor al equivalente a dos salarios mínimos generales.,Monto máximo de 35 veces el salario mínimo vigente.,10 veces el salario mínimo elevado al mes,,La cuota diaria de jubilación o pensión que se conceda conforme a esta ley en ningún caso será mayor de ocho veces el salario mínimo general vigente a la fecha de jubilación.,"Las pensiones tienen un tope máximo de 15 UMA mensuales y un tope mínimo de 2
UMA mensuales."
,,,,,,,,,,,,,,,,,,,,,,,,,
3. Bloque: Salud Actuarial y Financiera,"El esquema de financiamiento se sustenta en una estructura de aportaciones donde el trabajador contribuye con el 9.50%, mientras que el Estado aporta el 28.50% de la nómina. La base para estas cotizaciones es el sueldo con el que la entidad afilia formalmente al servidor público.

Desde la perspectiva de sostenibilidad a largo plazo, la valuación actuarial realizada al 31 de diciembre de 2024 confirma un horizonte de viabilidad sumamente favorable. Gracias a la estructura de cuotas del 9.50% por parte del trabajador y la aportación patronal del 28.50%, no detallándose subsidios extraordinarios directos en las fuentes consultadas para 2025-2026, enfocándose en la gestión de fondos, el sistema cuenta con reservas suficientes para cubrir sus obligaciones presentes y futuras, proyectando el año de descapitalización (bajo un escenario de 3% real) hasta el 2059.","El análisis de la salud financiera del ISSSTECALI revela un escenario de presión estructural extrema y una dependencia crítica de las transferencias del Gobierno del Estado. A diferencia de otros institutos con reservas capitalizadas, el ISSSTECALI opera bajo un modelo de crisis que requiere una gestión de flujo de efectivo inmediata.

El principal riesgo financiero radica en la madurez de la curva demográfica y el crecimiento acelerado de la nómina de jubilados del magisterio. El balance refleja que el Instituto ha dejado de ser un ente financiero de previsión para convertirse en una entidad de administración de gasto corriente, donde la prioridad absoluta es la obtención de liquidez mensual para cubrir las obligaciones de seguridad social y la operación de sus propios hospitales y clínicas.","Tras la reforma de 2019, el ISSSTECAM presenta una ruta de sostenibilidad clara, aunque con retos a mediano plazo. Reporta un balance institucional anual de -$750 mdp, el cual es absorbido por la estructura financiera estatal como parte de los compromisos de seguridad social. Su Prima Media General (PMG) requerida es del 26.40%, situándose cerca de los niveles actuales de aportación. Gracias a este esquema, el año de descapitalización se proyecta para el 2034.","La salud financiera del ISSTECH es un balance entre el gasto médico y el pasivo pensionario. Con una Prima Media General (PMG) requerida del 25.20%, el instituto se encuentra en una zona de monitoreo constante. Al operar con hospitales propios, el costo de la seguridad social médica impacta directamente en la liquidez del fondo de reserva, obligando a una administración eficiente de las cuotas destinadas a pensiones  para evitar déficits a corto plazo.","Según la última valuación, el sistema alcanzó su punto de descapitalización en el año 2025, lo que lo obliga a operar actualmente bajo un esquema de dependencia total del presupuesto estatal. El indicador más revelador de esta crisis es la Prima Media General (PMG) requerida, la cual se sitúa en un 77.18%; esto significa que, para ser autosuficiente, el instituto debería cobrar casi el 80% del salario de cada trabajador, una cifra inviable. Como consecuencia, el Estado debe inyectar un subsidio anual masivo de 7,577 mdp para cubrir el déficit y asegurar que la nómina de jubilados y los servicios médicos no se detengan.","El diagnóstico financiero del IPECOL revela un sistema que opera bajo una presión técnica constante. La Prima Media General (PMG) requerida para alcanzar el equilibrio actuarial se sitúa en el 24.50%, una cifra que contrasta significativamente con la tasa de aportación actual. Según la valuación realizada al 31 de diciembre de 2023, el instituto proyecta su año de descapitalización para el 2030. Actualmente, el sistema reporta un balance institucional anual de -$620 mdp, déficit que debe ser gestionado mediante transferencias estatales.","El diagnóstico financiero de la Dirección de Pensiones de Durango es de reserva crítica. Según la valuación actuarial con corte al 31 de diciembre de 2022, el sistema alcanzó su punto de descapitalización en el año 2023.

Presenta un saldo deficitario de -$1,150 mdp.

 La Prima Media General (PMG) requerida se sitúa en el 38%, lo que representa una brecha significativa frente a las aportaciones actuales. Para mitigar este déficit, el instituto requiere un Subsidio Estatal Anual de $1,280 mdp para garantizar el cumplimiento de las obligaciones pensionarias y evitar el colapso del sistema.","El diagnóstico financiero del ISSEMyM es de alerta técnica estructural. Según las proyecciones actuariales, el sistema enfrenta un horizonte de descapitalización para el año 2027, lo que marca una urgencia inmediata de liquidez. La Prima Media General (PMG) requerida se sitúa en el 31.20%, evidenciando que las aportaciones actuales son insuficientes para cubrir el costo real del sistema. Esta situación se traduce en un balance institucional anual deficitario de -$3,450 mdp, el cual es mitigado mediante un subsidio estatal anual, destinado primordialmente a garantizar la operatividad de sus servicios de salud y el pago de la nómina de jubilados.","A diferencia de la mayoría de los institutos estatales que enfrentan descapitalizaciones cercanas, el ISSEG cuenta con una viabilidad actuarial que se extiende más allá del año 2055. Su Prima Media General (PMG) requerida es del 22.80%, lo que significa que el nivel de aportaciones actuales es superior al costo real del sistema, generando un superávit técnico constante. Este balance positivo permite que el instituto sea completamente autosuficiente, operando sin necesidad de subsidios estatales extraordinarios y manteniendo un fondo de reserva en crecimiento permanente.","A pesar de la favorable relación de soporte demográfico, el ISSSPEG enfrenta desafíos financieros significativos derivados de la morosidad en el entero de cuotas por parte de los ayuntamientos. El diagnóstico financiero revela que el instituto requiere un Subsidio Estatal Anual de $1,859 mdp para garantizar el cumplimiento de sus compromisos. La salud del fondo depende críticamente de la puntualidad de las aportaciones patronales (29%), ya que cualquier interrupción en este flujo impacta directamente en la capacidad de pago del balance institucional anual.",,,,,,,,,,,,,,,
,,,,,,,,,,,,,,,,,,,,,,,,,
Cuotas Trabajador (%),9.50%,"Magisterio 12%
Burocracía 11%",10%,12%,12%,5%,13.50%," 5.5% para prestaciones socioeconómicas, sumadas a aportaciones para el fondo de pensiones. Los trabajadores (desde 2002) tienen una cuenta individual de capitalización con aportaciones propias, de la dependencia y voluntarias.",15%,11.50%,11.50%,11%,0.00%,14.88%,9%,9%,5.50%,"Los trabajadores aportarán el 10.63% del salario sujeto a cotización, el cual les será descontado en la nómina y/o recibo de pago, distribuido de la siguiente manera: 
a). 6.125% para cuenta individual.
b). 4.5% para invalidez y vida. ",5%,"Pensiones y Jubilaciones: 10.00%
Servicios Médicos: 5.5%
Préstamos a corto plazo: 0.5%
Préstamos prendarios: 0.5%
Indemnización global: 
Ayuda funeral:
Gastos de Administración:
Infraestructura y equipamiento:1.0%
Total: 17.5%","Prestaciones Médicas: 3.5%
Seguro de Vida y Apoyo Gastos Funerarios: 0.5%
Cuenta Individual: 5.40
Pensiones del esquema de Beneficio Definido: 4.60%",10.50%,12%,12%,"2024: 13.00%
2025 – 2026: Aumento del 1.0%
2027 – 2042: 16.00%
2043 – 2057: Disminución del 0.5%
2058 en adelante: 8.00%"
,,,,,,,,,,,,,,,,,,,,,,,,,
Aportación Estado (%),28.50%,"Magisterio 20%
Burocracía 11.61%",15%,15.10%,17%,2.50%,18.50%,,67%,29%,20.50%,13%,0.00%,18.16%,12%,18.50%,13%,"Los empleadores, aportarán mensualmente al Instituto 10% del salario sujeto a cotización de los trabajadores, distribuido de la siguiente manera:
a). 5.175% para cuenta individual.
b). 2.075% para invalidez y vida.
c). 1% para administración.
d). 1% para pensión mínima garantizada.
e). 0.75% para pensiones de incapacidad y muerte por riesgo de trabajo.
Adicionalmente, los empleadores aportarán mensualmente una cantidad equivalente al
5.5% del salario mínimo general vigente en el Estado de Sinaloa, elevado al mes, a la
cuenta individual de cada trabajador.",12.75%,"Pensiones y Jubilaciones: 17.00%
Servicios Médicos: 7.5%
Préstamos a corto plazo: 0.5%
Préstamos prendarios: 0.5%
Indemnización global:0.4% 
Ayuda funeral:0.1%
Gastos de Administración:2.5%
Infraestructura y equipamiento:1.0%
Total: 29.5%","Prestaciones Médicas: 14.49%
Seguro de Vida y Apoyo Gastos Funerarios: 0.49%
Cuenta Individual: 0%
Pensiones del esquema de Beneficio Definido: 7.99%",27%,20%,14%,"2024: 26.00%
2025 – 2026: Aumento del 2.0%
2027 – 2037: 32.00%
2038 – 2042: 38.00%
2043 – 2069: Disminución del 1.0%
2070 en adelante: 10.00%"
,,,,,,,,,,,,,,,,,,,,,,,,,
Cuotas Pensionista (%),,"Magisterio 1%
Burocracía 3%",6%,,12%,,,,,,,,,,,9%,4.50%,,,,,,0,,6%
,,,,,,,,,,,,,,,,,,,,,,,,,
Aportación Estado a cuenta pensionista (%),,,,,,,,,,,,,,,,,,,,,,,0,,6%
,,,,,,,,,,,,,,,,,,,,,,,,,
Año de descapitalización (3% real),2059,"Desde el 2021 el sistema se considera técnicamente descapitalizado en sus reservas de pensiones, operando bajo un esquema de ""pago sobre la marcha""  apoyado por el presupuesto estatal.",2034,,2025,2030,2023,Descapitalización proyectada para el año 2027,2055,,2030,2037,0 años,0,2024,2024,2024,2029,2024,2023,,2035,0 años,2025,2036
,,,,,,,,,,,,,,,,,,,,,,,,,
Valuación Actuarial (Fecha),31 de diciembre de 2024,31 de diciembre de 2024,,2023,2025,2023,2022,2019,2024,,2025,2024,2021,Diciembre de 2023,2023,2024,2024,2021,2024,2023,2022,2025,31 de diciembre de 2024,2025,31 de diciembre 2024
,,,,,,,,,,,,,,,,,,,,,,,,,
Prima Media General (PMG) requerida,La PMG requerida para el ISSSSPEA se sitúa en el 24.10%.,45% - 50% del salario integrado,26.40%,25.20%,77.18%,24.50%,38%,31.20%,22.80%,,,49.60%,,68.76%,,,,,,59.74%,,,80.24%,,117.60%
,,,,,,,,,,,,,,,,,,,,,,,,,
Subsidio Estatal Anual (Monto),0,"5,950 mdp",,"1,450 mdp","7,577 mdp",200 mil pesos,"1,280 mdp","5,177.4 mdp",,"1,859 mdp",,,,"Adicional a las cuotas y aportaciones establecidas, el sistema se financiará a través del Fondo
Soberano Nuevo Nayarit, S.A.P.I. de C.V.","6,468.5 mdp",,,,"2,564.72 mdp",,,,4341 mdp,350 mdp,90.62 mdp
,,,,,,,,,,,,,,,,,,,,,,,,,
Balance Institucional Anual,"10,000 mdp",, -750 mdp,"´-$1,280 mdp",Presenta un saldo deficitario recurrente que es absorbido por el Estado para garantizar el pago de la nómina y los servicios de salud.,´-$620 mdp,"´-$1,150 mdp.","´-$3,450 mdp, derivado principalmente del alto costo de la infraestructura médica propia.","Reporta un saldo positivo recurrente, lo que le permite no depender de subsidios estatales extraordinarios para el pago de pensiones.","´-$1,240 mdp",,´- 109289 mdp,"´- 44,141 mdp",,,´200 mdp,´- 600 mdp,,´ - 95 mmdp,"´- $ 213,066.74 mdp","´- 64,631 mdp",,69.7 mdp,"´- 125,231 mdp",
,,,,,,,,,,,,,,,,,,,,,,,,,
4. Bloque: Prestaciones y Servicios,"El ISSSSPEA administra un portafolio de beneficios diseñado para ofrecer protección integral al servidor público desde su vida activa hasta el retiro. 

El Instituto garantiza la estabilidad en la etapa de vejez mediante condiciones de jubilación claras, establecidas en 28 años de servicio y 65 años de edad. Además de la pensión por vejez (requiriendo 15 años de servicio), el catálogo incluye coberturas para contingencias laborales y familiares:

Pensión o Indemnización por Riesgo de Trabajo.
Pensión por Invalidez y por causa de Muerte (Protección a beneficiarios).
Seguro de Retiro por Pensión o Defunción.

Más allá del haber pensionario, los afiliados cuentan con beneficios adicionales que fortalecen su ingreso anual y calidad de vida. Destaca un aguinaldo de 40 días, el cual se entrega de forma estratégica en dos exhibiciones (diciembre y enero) para mitigar el gasto estacional. Asimismo, el Instituto gestiona directamente la atención médica y los riesgos de trabajo, operando bajo su propia normativa de seguridad social para garantizar un servicio especializado.

El modelo del ISSSSPEA fomenta la capitalización individual y el acceso a financiamiento bajo condiciones competitivas. Los trabajadores tienen acceso a:

Cuenta de Ahorro Individual: Complemento fundamental para el retiro bajo el sistema mixto.
Líneas de Crédito: Préstamos a Corto Plazo y préstamos específicos para Salud.
Patrimonio y Consumo: Créditos Hipotecarios y financiamiento para la adquisición de bienes de consumo duradero, así como servicios médicos, educativos y turísticos.","El modelo de prestaciones del ISSSTECALI se distingue por su enfoque integral, gestionando no solo el esquema pensionario, sino también una robusta red de servicios médicos propios, proporcionando atención de primer, segundo y tercer nivel directamente a sus afiliados y dependientes.

Aunque el catálogo de prestaciones es amplio y superior a la media nacional, la presión del aguinaldo de 60 días y el costo de mantener una red hospitalaria propia son factores que profundizan el déficit financiero.","El catálogo de beneficios del ISSSTECAM destaca por su enfoque social. El sueldo regulador se calcula sobre el promedio de los últimos 3 años, garantizando pensiones justas pero controladas. Además del aguinaldo de 45 días, el Instituto ofrece una gama única de préstamos sin intereses para conceptos críticos como útiles escolares, lentes y servicios funerarios. En cuanto a la salud, el modelo es subrogado al IMSS.","El catálogo de beneficios es robusto, destacando el Sueldo Regulador que premia la carrera laboral (último sueldo para base y promedio de 3 años para confianza). La jubilación se alcanza con 30 años de servicio en hombres y 28 en mujeres, una de las más tempranas en comparación con otros estados. Además, el instituto ofrece un modelo de salud propio y subrogado de tercer nivel, garantizando cobertura ante enfermedades crónicas y cirugías de alta complejidad, complementado con una oferta de préstamos hipotecarios y a corto plazo.","A pesar de sus retos financieros, PCE mantiene un catálogo de prestaciones  generoso, especialmente para el sector magisterial. El cálculo de la pensión se basa en un sueldo regulador que puede alcanzar el 100% del último salario. Destaca sobremanera el aguinaldo de 93 días para maestros (y 40 días para la burocracia), una de las prestaciones más altas en toda la República Mexicana. En el ámbito de la salud, el instituto gestiona un modelo integral que incluye medicina familiar y especialidades, operando mayoritariamente a través de un esquema de subrogación con hospitales privados.","El catálogo de beneficios del IPECOL está diseñado para ofrecer una cobertura integral frente a los riesgos de retiro y fallecimiento. El cálculo de las pensiones utiliza un sueldo regulador basado en el promedio de los últimos 7 años de cotización, lo que actúa como un mecanismo de control ante incrementos salariales súbitos al final de la carrera laboral. La jubilación se alcanza a los 65 años de edad, con un aguinaldo de 45 días para los pensionados. En el ámbito de la salud, el instituto mantiene un modelo especializado que incluye un servicio subrogado privado exclusivo para el Magisterio Estatal, complementado con una oferta de préstamos hipotecarios y a corto plazo que representa uno de los servicios más utilizados por la base trabajadora.","El catálogo de beneficios en Durango se caracteriza por una generosidad diferenciada que refleja compromisos históricos. El Sueldo Regulador maneja un esquema de transición: para los trabajadores antiguos se basa en el promedio del último año, mientras que para las nuevas generaciones se ha extendido a los últimos 20 años para dar sostenibilidad al fondo. Destaca el otorgamiento de un aguinaldo de 90 días para el Magisterio Estatal (63 días para burócratas), una de las prestaciones más elevadas del país. En cuanto a la salud, el modelo está subrogado al ISSSTE, lo que permite a la Dirección concentrar su capacidad administrativa en una robusta cartera de préstamos a corto, mediano y largo plazo.","El catálogo de beneficios del ISSEMyM es uno de los más completos y generosos a nivel nacional. El sistema utiliza un sueldo regulador basado en el promedio de los últimos 2 años de cotización, ofreciendo a los pensionados un aguinaldo de 60 días. Sin embargo, su mayor distintivo es su modelo de salud basado en infraestructura propia, que incluye hospitales de alta especialidad y clínicas de tercer nivel. Si bien esta red propia garantiza una atención médica integral y directa para sus afiliados, representa también una carga operativa masiva que consume gran parte del presupuesto institucional. Complementariamente, el instituto mantiene una oferta activa de préstamos hipotecarios y créditos para la adquisición de bienes, reforzando su papel como motor de bienestar económico.","El catálogo de beneficios del ISSEG se distingue por su enfoque en la protección económica del trabajador sin comprometer la liquidez del fondo. El cálculo de la pensión utiliza un sueldo regulador basado en el promedio de los últimos 2 años de cotización, con un aguinaldo de 45 días para los pensionados.","El catálogo de beneficios del ISSSPEG se centra en la protección de los derechos de retiro mediante un esquema de cálculo simplificado. El Sueldo Regulador se determina bajo un sueldo de referencia basado en el promedio de los últimos 8 meses de sueldo de cotización, un periodo de referencia notablemente corto que favorece la cuantía de la pensión final del trabajador. El instituto ofrece el abanico tradicional de pensiones por jubilación, invalidez y fallecimiento, gestionando su operación administrativa para asegurar que las prestaciones lleguen de manera oportuna a los servidores públicos de las diversas dependencias estatales y municipales.",,,,,,,,,,,,,,,
,,,,,,,,,,,,,,,,,,,,,,,,,
Catálogo de Prestaciones,"Pensión o Indemnización por Riesgo de Trabajo
Pensión de Retiro por Edad y Antigüedad en el Servicio
Pensión e Indemnización por Invalidez
Pensión por causa de muerte
Cuenta de Ahorro Individual para el Retiro","Jubilación
Pensión de retiro por edad y tiempo de servicios
Pension por Invalidez
Pensión por causa de muerte
Indemnización Global y Pago Póstumo","Jubilación
Jubilación voluntaria
Pensión por inhabilitación por causas ajenas al servicio
Pensión por inhabilitación a causa del servicio
Seguro de cesantia o separación
Seguro de fallecimiento e invalidez","Pensión por jubilación, pensión por vejez, pensión por invalidez, pensión por viudez, pensión por orfandad, pensión por ascendientes, Préstamos a corto plazo y Préstamos hipotecarios.","Pensiones por jubilación
Pensiones por antigüedad
Pensiones por retiro anticipado
Pensiones por invalidez y/o por riesgo de trabajo
Pensiones por viudez
orfandad y ascendencia 
Nota. El otorgamiento de las mismas varía según los régimenes previstos en la Ley de Pensiones Civiles del Estado de Chihuahua","Pensión por jubilación
Pensión por retiro anticipado
Pensión por edad y tiempo de servicio
Pensión por invalidez
Pensión por fallecimiento","Pensión por jubilación
Pensión por retiro anticipado
Pensión por edad y tiempo de servicio
Pensión por invalidez
Pensión por fallecimiento","Pensión por jubilación
Pensión por retiro anticipado
Pensión por edad y tiempo de servicio
Pensión por invalidez
Pensión por fallecimiento","Pensión por jubilación
Pensión por retiro anticipado
Pensión por edad y tiempo de servicio
Pensión por invalidez
Pensión por fallecimiento","Pensión por Jubilación 
Pensión por Jubilación Anticipada 
Pensión por Vejez 
Pensión por Incapacidad por Causas de Trabajo 
Pensión por Fallecimiento por Causas de Trabajo","Jubilación
Edad Avanzada
Invalidez Total y Permanente
Invalidez Riesgo de Trabajo
Viudez у Orfandad
Derechohabientes de Pensionados","Pensión por Jubilación 
Pensión por Jubilación Anticipada 
Pensión por Vejez 
Pensión por Incapacidad por Causas de Trabajo 
Pensión por Fallecimiento por Causas de Trabajo","Pensión por Jubilación 
Pensión por Jubilación Anticipada 
Pensión por Vejez 
Pensión por Incapacidad por Causas de Trabajo 
Pensión por Fallecimiento por Causas de Trabajo","Pensión por Jubilación 
Pensión por Jubilación Anticipada 
Pensión por Vejez 
Pensión por Incapacidad por Causas de Trabajo 
Pensión por Fallecimiento por Causas de Trabajo","Pensión por Jubilación
 Pensión por Vejez
 Pensión por Inhabilitación por riesgosde trabajo. 
 Pensión por Invalidez por Causas Ajenas al Servicio.
 Pensión por muerte del trabajador por Riesgos de Trabajo
 Pensión por Muerte del Trabajador por Causas Ajenas al Servicio.
 Pensión por Muerte de los Jubilados o Pensionados","Pensión por Jubilación 
Pensión por Jubilación Anticipada 
Pensión por Vejez 
Pensión por Incapacidad por Causas de Trabajo 
Pensión por Fallecimiento por Causas de Trabajo","Jubilación
Retiro por edad y tiempo de servicios
Inhabilitación
Fallecimiento: Viudez, Orfandad y Ascendencia en primer grado.","Pensión por Jubilación 
Pensión por Jubilación Anticipada 
Pensión por Vejez 
Pensión por Incapacidad por Causas de Trabajo 
Pensión por Fallecimiento por Causas de Trabajo","Pensión por Jubilación 
Pensión por Jubilación Anticipada 
Pensión por Vejez 
Pensión por Incapacidad por Causas de Trabajo 
Pensión por Fallecimiento por Causas de Trabajo","Pensión por Jubilación 
Pensión por Jubilación Anticipada 
Pensión por Vejez 
Pensión por Incapacidad por Causas de Trabajo 
Pensión por Fallecimiento por Causas de Trabajo","Pensión por Jubilación 
Pensión por Jubilación Anticipada 
Pensión por Vejez 
Pensión por Incapacidad por Causas de Trabajo 
Pensión por Fallecimiento por Causas de Trabajo","Pensión por Jubilación 
Pensión por Jubilación Anticipada 
Pensión por Vejez 
Pensión por Incapacidad por Causas de Trabajo 
Pensión por Fallecimiento por Causas de Trabajo","Pensiones  (Jubilación b) Vejez c) Pensión anticipada d) Incapacidad e) Invalidez f) Muerte)
Indemnización global
Préstamos
Pago del seguro de enfermedad al IMSS a pensionistas (Pago a cargo del Gobierno del Estado)","Pensión por Jubilación 
Pensión por Jubilación Anticipada 
Pensión por Vejez 
Pensión por Incapacidad por Causas de Trabajo 
Pensión por Fallecimiento por Causas de Trabajo","Pensión por Jubilación 
Pensión por Jubilación Anticipada 
Pensión por Vejez 
Pensión por Incapacidad por Causas de Trabajo 
Pensión por Fallecimiento por Causas de Trabajo"
,,,,,,,,,,,,,,,,,,,,,,,,,
Sueldo Regulador,"El sueldo con el que la entidad afilie al Instituto a los Servidores Públicos de su adscripción será la base para el cálculo de las aportaciones y el otorgamiento de las prestaciones de seguridad social, independientemente de la norma relevante para la determinación de aquellas",Promedio de los últimos 10 años del SBC actualizado con el INPC,"Promedio de los últimos 3 años del salario de cotización, actualizado en VSM.",Ultimo sueldo para trabajadores de base y el promedio de los últimos 3 años para confianza.,100% último sueldo devengado (promedio de los últimos 4 años de haber incrementos no generales o escalafonarios).,"Promedio de los ultimos 7 años de sueldo de cotizacion, excluyendo aguinaldo o gratificaciones.","Transición: Propedio del último año de sueldo base de cotización, si no tovo variaciones en los últimos 5 años. Si el sueldo base se cotización presentó variaciones, el promedio de los últimos 3 años de sueldo base de cotización, actualizado con INPC 

Nueva generación: promedio últimos 20 años del sueldo base de cotización actualizado con INPC","Equivale al ochenta y cinco por ciento (85%) del promedio ponderado de los salarios de cotización que percibió la persona servidora pública durante los últimos veinte años de su vida activa, previa actualización.","Transición: Propedio del último año de sueldo base de cotización, si no tovo variaciones en los últimos 5 años. Si el sueldo base se cotización presentó variaciones, el promedio de los últimos 3 años de sueldo base de cotización, actualizado con INPC 

Nueva generación: promedio últimos 20 años del sueldo base de cotización actualizado con INPC",Sueldo de referencia: promedio de los últimos 8 meses de sueldo de cotización,Es el promedio del sueldo tabular disfrutado por el trabajador durante los últimos 3 años de servicio inmediatos anteriores a la fecha de su baja.,"Los cotizantes (derechohabientes) que al 25 de Agosto de 2015* hayan adquirido ya los derechos de jubilación o pensión por vejez, esto es que tengan 30 años cotizados para jubilación y para pensión 60 años de edad y cuando menos 15 años de haber cotizado al fondo de pensiones su jubilación o pensión será calculada sobre el último sueldo base de cotización.

Para los derechohabientes que al 25 de agosto que no hayan adquirido los derechos del párrafo anterior el cálculo de su Jubilación o pensiones** será en base a las ultimas
72 aportaciones recibidas previas a obtener la Jubilación o pensión.",,"Promedio ponderado de los sueldos tabulares aportados durante los últimos años de servicio o el promedio de las aportaciones realizadas, de acuerdo con la ""Ley del Fondo de Ahorro para el Retiro Digno de las Trabajadoras y de los Trabajadores del Estado Libre y Soberano de Nayarit"". A partir de febrero de 2026, los trabajadores de base en Nayarit reciben un incremento del 5% en su sueldo tabular, además de una recategorización en los primeros cuatro niveles, lo que impacta positivamente el sueldo base utilizado para las pensiones.","Promedio mensual de los salarios base de cotización durante toda la vida activa del servidor público, sirviendo como base para el cálculo de pensiones. Para trabajadores bajo la ley de 1993, la pensión garantizada se calcula con base en este promedio",Se basa en las remuneraciones base o sueldo base del servidor público al momento de la jubilación.,"Promedio salarial sobre el cual se calcula la pensión, no necesariamente el último sueldo total, sino el sueldo base cotizado.","Promedio de los salarios sujetos a cotización de toda la vida activa del trabajador, previa actualización, considerando el Índice Nacional de Precios al Consumidor.

Para los trabajadores en transición que no migren al nuevo sistema de pensiones de cuentas individuales, se entenderá por salario regulador al salario diario sujeto a cotización en el momento en que tengan derecho a una pensión, en cuyo caso, no podrá ser superior al importe de diesiséis salarios mínimos generales diarios, aplicables en el Estado de Sinaloa.",,"Promedio ponderado de los sueldos base de cotización de los últimos tres años, previa actualización con el Índice Nacional de Precios al Consumidor o, en su caso, el incremento
salarial, el que sea menor.
Cuando un trabajador se mantenga los últimos 3 años en un  mismo nivel o rango laboral, se tomará como base de su pensión jubilatoria el promedio actualizado de los sueldos de 3 años.",Promedio del sueldo base devengado de los últimos tres años.,"El promedio de los salarios de cotización del trabajador de los últimos diez años inmediatos anteriores a la fecha de su baja, previa actualización con base en el Índice Nacional de Precios al Consumidor","Promedio de los sueldos del trabajador durante su vida laboral, actualizados con el INPC Para la generación en transición, será el promedio ponderado de los sueldos de cotización, de acuerdo a los años que falten al trabajador para cumplir treinta años de cotizaciones al Instituto y de acuerdo con la entrada en vigor de la ley 287 (22 de julio de 2014), previa actualización mediante el INPC","Promedio mensual de todas las percepciones computables al servidor público, correspondientes a los dos años inmediatos anteriores a la fecha de la baja que emita la entidad pública en la que laboraba. 
Las percepciones computables  serán las que correspondan específicamente a la retribución
de los servicios prestados a las Entidades Públicas, conforme aparezcan consignadas en las
respectivas partidas de sus presupuestos de egresos y sobre las cuales se hayan pagado normal e íntegramente las aportaciones al Instituto. No se considerarán los viáticos, gratificaciones, gastos de representación y otras percepciones semejantes.

Los servidores públicos sujetos a escalafón comprobarán la regularidad escalafonaria de sus percepciones, por lo que será necesaria la justificación de una permanencia mínima de dos años en cada grado de escalafón, salvo los ascensos que se otorguen en términos de la Ley de los Trabajadores al Servicio del Estado y Municipios de Yucatán.

En percepciones por cátedras o puestos no escalafonarios, se promediarán las vigentes con
antigüedad cuando menos de dos años de aportaciones ordinarias al patrimonio del Instituto e inmediatas anteriores a la fecha. Sólo podrá computarse hasta un máximo de cuarenta y dos horas semanarias, cuando los empleos que se desempeñen sean exclusivamente de carácter docente, entendiéndose por tales, aquellos que requieran el dictado de clases; y de cuarenta y ocho horas semanarias, si se trata de empleos de carácter docente, desempeñados conjuntamente con otros empleos.","Es el 94% del promedio de los sueldos de cotización (incluye 30 días de aguinaldo y un porcentaje de la compensación que se otorgará como pensión será el 4% por el número de años con los que el trabajador haya cotizado por esta prestación, llegando al 100% en 25
años). de los últimos años de servicio actualizado con el INPC."
,,,,,,,,,,,,,,,,,,,,,,,,,
Edad de Jubilación,28 años de servicio y 65 de edad,30 años de servicio y 60 de edad,30 años de servicio y 55 años de edad.,30 años de servicio para hombres y 28 mujeres,35 años de servicio y 85% de la esperanza de vida,"65 años de edad, años de servicios mujeres 28 años de servicio y Hombres 30 años de servicio  ","Generaciones en transición: de 50 a 60
Nuevas generaciones: 65",62 años con 35 años de servicio,"Generaciones en transición: de 30 o 35

Nuevas generaciones: 35",,"tener 65 años o más, y 30 o más años de servicio y hayan contribuido al fondo de pensiones al menos durante 20 años",30 años de servicio y 60 años de edad,,65 años de edad y 35 de servicio,65 años de edad y 30 años de servicio,65 años y 30 de servicio,65 años y 30 de servicio,65 años de edad y 25 de servicio,30 años o más de servicios,35 años de servicio los hombres y 33 años de servicio las mujeres.,Años de servicio: mujeres 25 años y hombres 30 años.,"65 años de edad los hombres y cuenten con 30 años de servicio.
65 años de edad en las mujeres y 25 años de sevicio.",30 años de servicio y 65 de edad,55 años de edad y 30 o más años de servicio,30 años de servicio y 65 de edad.
,,,,,,,,,,,,,,,,,,,,,,,,,
Requisitos: Pensión por Vejez,15 años de servicio y 65 de edad,15 años de servicio y 65 de edad,15 años de servicio y 55 años de edad.,15 años de servicio y 55 años de edad,20 años de servicio y 80% de la esperanza de vida,"65 años de edad, con al menos 15 años de servicio",60 años y 15 de cotización,62 años de edad y al menos 17 años de cotización,"Generaciones en transición: 15

Nuevas generaciones: 15",,20 años de servicio y 65 años de edad,15 años de servicio y 60 años de edad,,65 años de edad y 20 de servicio,65 años de edad y 15 años de servicio,65 edad y 15 de servicio,65 años y 15 de servicio,60 años de edad y 25 de servicio,55 años y 15 años de servicios ,15 años de servicio y 55 años de edad,55 años de edad y 15 años de servicio.,15 años de servicio y 65 de edad,15 años de servicio y 65 de edad,55 años de edad y 15 años de servicio,"65 años de edad y un mínimo de 15 años de
servicio."
,,,,,,,,,,,,,,,,,,,,,,,,,
Aguinaldo (Días),"40 días de aguinaldo como parte de sus prestaciones laborales, divididos en dos exhibiciones (20 días antes del 15 de diciembre y 20 días antes del 15 de enero del año siguiente)", 60 días,,,"magisterio 93 días, burócratas 40 días",45 Días,"Transición: Magisterio, 90 días; Burócratas, 63 días

Nueva generación: 63 días",60 días,"Transición: Magisterio, 90 días; Burócratas, 63 días

Nueva generación: 63 días",,,50 días,,,60 días,,,,,,85 días,,60,,30 días 
,,,,,,,,,,,,,,,,,,,,,,,,,
Tipos de Préstamos,"Préstamo a Corto Plazo, Préstamo para Salud, Préstamo Hipotecario, Préstamo de Bienes y Consumo Duradero","Créditos para la adquisición en propiedad de casa o terrenos para la construcción de las mismas, destinadas a la habitación familiar del trabajador, Préstamos Hipotecarios, Préstamos a corto plazo.","Préstamos a corto plazo
Préstamos de reestructura
Préstamos sin interés (Útiles escolares, Día de reyes, Lentes, Servicios funerarios)  
Préstamo para pago de derechos",Préstamos a corto plazo y Préstamos hipotecarios.," Préstamos 
 Ayuda económica para gastos funerarios","Préstamo a corto plazo 
Préstamo hipotecario","Préstamos a corto, mediano y largo plazo
Préstamos emergentes
Crédito prendario (en ley, no en operación)
Créditos hipotecario (en ley, no en operación)","Corto plazo
Mediano plazo
Largo plazo
Vacacionales 
Hipotecarios
Adelanto de nómina","Préstamos a corto, mediano y largo plazo
Préstamos emergentes
Crédito prendario (en ley, no en operación)
Créditos hipotecario (en ley, no en operación
Créditos para la adquisición de medicamentos",,"Préstamo a Corto Plazo (PCP), 
Préstamo a Mediano Plazo (PMP), 
Préstamo de Liquidez a Mediano Plazo (PLMP) 
Préstamo Hipotecario (PH).","
Préstamos de corto plazo

Préstamos de Liquidez

Préstamos Hipotecarios

Préstamos al Consumo","Creditos Quirografarios
Creditos Especiales
Creditos Adquisicion de Vehiculo
Creditos Hipotecarios
Credito Utiles Escolares
Credito Jubilados y Pensionados
Credito un mejor hogar un mejor morelos",,"Préstamos Con Garantía y Préstamos Sin Garantía. 
Adquisición de Vivienda Nueva o Usada, Pago de Pasivo, Remodelación, Construcción y Adquisición de Terreno. (Aplica para vivienda en toda la Republica Mexicana).","Préstamo Quirografario
Préstamo Hipotecario para compra de terreno o casa habitación
Préstamo Hipotecario para construcción, ampliación o reparación de casa habitación
Préstamo Hipotecario para redimir gravámenes de bienes inmuebles","Préstamos a corto, mediano y largo plazo",,"Préstamos a corto plazo (PCP)
Créditos de vivienda
Créditos en tienda ISSSTEESIN","Crédito Corto Plazo
Financiamiento para Compra y/o Mejora de Vivienda del FOVISSSTESON
",,"préstamos a corto plazo, 
mediano plazo con garantía prendaria, 
especiales
hipotecarios",Corto Plazo (PCP). Mediano Plazo (PMP),"préstamos a corto plazo
Especiales 
Hipotecarios","Corto Plazo
Mediano Plazo"
,,,,,,,,,,,,,,,,,,,,,,,,,
Modelo de Servicios de Salud,"El instituto gestiona la atención médica, riesgos de trabajo e invalidez para sus afiliados, regulado por su propia Ley de Seguridad y Servicios Sociales.",Hospitales y Clínicas Propios,Subrogado al IMSS,Propio y subrogación con hospitales federales de tercer nivel.,"Integral; incluye Medicina Familiar, Odontología, Pediatría y servicios hospitalarios de especialidad, mayoritariamente subrogados con instituciones médicas privadas.",Subrogado a servicio privado exclusivo para Magisterio Estatal,Subrogados al ISSSTE,"109 unidades médicas distribuidas por región y clasificadas en tres niveles de atención: 
5 Clínicas Regionales
33 Clínicas de Consulta Externa
51 Clínicas de Consulta Externa
6 Unidades Móviles
10 Hospitales Regionales de Segundo nivel
4 Hospitales de Alta Especialidad de Tercer nivel",Subrogados al ISSSTE,,"tres unidades médicas familiares para prestar atención de primer nivel: UNIMEF Federalismo, UNIMEF Javier Mina y UNIMEF Pila Seca. Además, tiene 6 hospitales subrogados en la Zona Metropolitana de Guadalajara para brindar atención médica de segundo y tercer nivel, así como alta especialidad. para el interior del Estado, se tiene un convenio de atención con el Instituto Mexicano del Seguro Social.","Los servicios médicos se prestan principalmente a través de convenios que la Dirección celebra con instituciones federales, como el Instituto Mexicano del Seguro Social (IMSS) o el Instituto de Seguridad y Servicios Sociales de los Trabajadores del Estado (ISSSTE).",,La atención médica para trabajadores y pensionados del estado de Nayarit se gestiona principalmente a través del ISSSTE,"La ley de Pensiones no contempla servicios de salud, sin embargo se ofrecen servicios médicos de primer contacto","Se brindarán consultas de medicina general, a los trabajadores, jubilados, pensionados, así como a sus beneficiarios. En el caso de los jubilados, pensionados y pensionistas se brinda una atención especial para un control adecuado de las enfermedades crónicas y degenerativas por las que cursa el adulto mayor.

Se brindarán consultas y terapia psicológica a los trabajadores, jubilados, pensionados y pensionistas, así como a sus beneficiarios.

Se brindarán consultas odontológicas a los trabajadores, jubilados, pensionados y pensionistas, así como a sus beneficiarios. Entre otros servicios que se brindan son curaciones, profilaxis, extracciones, amalgamas, resinas, impresiones, aplicación de flúor, sellador de fisuras, pruebas en cera y/o final de prostodoncia, reparación de prostodoncia, ",El Instituto cuenta con unidades operativas para la prestación de los servicios de salud tanto en la capital como en 7 regiones del interior del Estado,"Convenios con:
Laboratorio clínico Delia Barraza 
Somos Salud 
Clínica Vista Sur ",,"El ISSSTESON brinda servicio médico a su derechohabiencia mediante un modelo
regionalizado y escalonado por niveles de atención.
El primer nivel de atención está conformado por 6 Centros Integrales de Atención a la
Salud (CIAS)  39 módulos médicos.
El segundo nivel de atención está compuesto por cuatro unidades hospitalarias, estas unidades ofrecen servicios especializados que incluyen consulta externa en especialidades básicas, hospitalización general en pediatría, gineco-obstetricia, medicina interna y cirugía, así
como servicios de apoyo diagnóstico como pruebas especiales de laboratorio clínico,
estudios de radiología con medios de contraste y ultrasonido.","Seguro de salud preventiva, que atenderá, entre otras
Control de enfermedades
Salud reproductiva y planificación familiar
Educación para la salud
Programas de autocuidado
Seguro de salud curativa, que comprende lo siguiente
Consulta externa
Cirugía
Hospitalización
Urgencias
Medicina del trabajo
Seguro de maternidad","La prestación de los servicios médicos que contempla la fracción III inciso a) del artículo 3 de la presente Ley, es una obligación directa de cada Entidad Pública y del Gobierno del Estado, por lo que se podrá acordar con el Instituto, para que por su conducto se convenga con alguna institución médica el otorgamiento de los mismos",Pago del seguro de enfermedad al IMSS a pensionistas (Pago a cargo del Gobierno del Estado),"La atención médica se proporcionará directamente por el Instituto o por medio de las instituciones de salud públicas, con quienes se haya celebrado convenio.",IMSS Completo.
,,,,,,,,,,,,,,,,,,,,,,,,,
5. Bloque: Inversiones y Patrimonio,"El modelo de gestión del ISSSSPEA destaca por una administración patrimonial diversificada, enfocándose en la creación de valor a través de infraestructura de servicios. 

Dentro de su portafolio de bienes inmuebles, el Instituto administra reservas territoriales y propiedades  que garantizan el respaldo físico del capital de los trabajadores. Estas inversiones inmobiliarias  integran en una red de unidades de negocio operativas que diversifican las fuentes de ingreso del instituto.
","El patrimonio del Instituto está compuesto principalmente por su infraestructura médica (hospitales y clínicas en todo el estado) y reservas territoriales. Debido a la presión del gasto pensionario, gran parte de los activos líquidos se destinan al cumplimiento de obligaciones inmediatas, manteniendo un portafolio de inversión conservador centrado en activos institucionales y operativos.","El patrimonio del ISSSTECAM es dinámico y de carácter social. Con un valor de portafolio de $2,800 mdp y una reserva territorial de 450,000 m2, el Instituto utiliza sus activos para generar beneficios directos. Destaca su inversión en infraestructura comercial a través de las Tiendas y Farmacias ISSSTECAM, que generan un rendimiento comercial del 6.2%.","El patrimonio del ISSTECH se concentra en activos de alto valor operativo. Con una reserva territorial de 720,000 m2, el instituto posee un respaldo inmobiliario sólido para futuros proyectos de expansión médica o administrativa. Sus principales inversiones están representadas por su infraestructura hospitalaria propia, que actúa como una reserva técnica tangible, reduciendo la dependencia de servicios privados externos y asegurando la continuidad prestacional para los trabajadores chiapanecos.","El patrimonio de PCE se encuentra en una fase de reestructuración operativa, donde la prioridad ha pasado de la acumulación de capital a la recuperación de liquidez. La estrategia institucional se centra actualmente en la recuperación de adeudos de diversos organismos públicos deudores, con el fin de fondear la reserva técnica y mitigar el déficit operativo.","El patrimonio del IPECOL se gestiona como el respaldo final de sus obligaciones actuariales, con un valor de portafolio de $3,100 mdp. La estrategia institucional se enfoca en la diversificación a través de bienes inmuebles y reservas territoriales, las cuales suman una extensión de 580,000 m2.
Estos activos generan un rendimiento inmobiliario del 6.1% anual, aportando una fuente de ingresos adicional al fondo de reserva. Además, el instituto administra otros fideicomisos de infraestructura que buscan maximizar el valor de los activos institucionales.","El patrimonio institucional, valuado en $3,850 mdp, se gestiona bajo una visión de previsión social integral. La estrategia de inversión de Durango es única al incluir activos de carácter civil y funerario, como la propiedad y administración de un Cementerio y Mausoleo propios, además de sus edificios administrativos.","El patrimonio institucional del ISSEMyM es vasto y estratégico, con un valor de portafolio estimado en $12,850 mdp. Este patrimonio está anclado en una impresionante red de bienes inmuebles y la reserva territorial más extensa del comparativo, que alcanza los 1,450,000 m2 .","El patrimonio del ISSEG es su motor de crecimiento y su característica más innovadora, con un valor de portafolio de $32,450 mdp. El instituto opera una exitosa unidad de negocios que incluye la cadena de Farmacias ISSEG, cuyas utilidades se integran directamente al fondo de pensiones. Además, gestiona una vasta reserva territorial de 1,120,000 m2, y desarrollos comerciales de alto nivel. Gracias a esta diversificación, el instituto logra un rendimiento combinado del 8.5% anual.",,,,,,,,,,,,,,,,
,,,,,,,,,,,,,,,,,,,,,,,,,
Portafolio: Bienes Inmuebles,"Estancia de Bienestar Infantil: Proporciona servicios de cuidado y educación inicial, apoyando la estabilidad laboral de las familias afiliadas.

Parque Acuático Valladolid: Un activo recreativo de alto impacto que genera ingresos propios y fomenta el esparcimiento de los trabajadores y sus familias.

Funeraria y Crematorio ""La Gloria"": Ofrece servicios esenciales con tarifas competitivas, integrando verticalmente la prestación de gastos funerarios contemplada en la ley.

Casa del Pensionado: Espacio dedicado al bienestar integral y la convivencia de la población jubilada, dignificando su etapa de retiro.","Está integrado por la red estatal de Hospitales, Clínicas y Unidades Médicas, así como por edificios administrativos.","Tiendas y Farmacias ISSSTECAM
Edificios sedes y centros de atención al derechohabiente distribuidos en el estado
Reservas Territoriales","Está constituido principalmente por las Unidades Médicas y Hospitales propiedad del Instituto, así como edificios administrativos. Estos activos son críticos, ya que reducen la dependencia de servicios privados y aseguran la capacidad de atención para los más de 88,000 derechohabientes.",,"Bienes inmuebles 
Reservas territoriales","Oficinas administrativas, el portafolio destaca por la propiedad de infraestructura funeraria propia (Cementerio y Mausoleo).","Unidades médicas
Estancias para el Desarrollo Infantil
2 hoteles del ISSEMYM
Centro Social y Asistencial “Eva Sámano de López Mateos”
","Farmacias
Estacionamientos
Plazas Comerciales
Hotel
Parque Funerario","El instituto gestiona bienes inmuebles y una reserva territorial de 480,000 m2 .","Antigua Hacienda La Mora. Salón de eventos
Barlovento. Agencia de viajes
Capillas de Velación San Lázaro
Club Deportivo Hacienda del Real
Seis estacionamientos público
Hermano Sol– Hermana Agua. Salón de eventos",,"Oficinas centrales edificio ubicado en Cuernavaca, Morelos. 
Archivo general y bodega 
Conjunto Habitacional Ampliación Chulavista. 
Terreno urbano ubicado en  Cuernavaca, Morelos. 
Terreno urbano ubicado en  Cuernavaca, Morelos. 
Terreno ubicado en 10 de la manzana once, del Conjunto Habitacional ""Ampliación Chulavista"" en Cuernavaca Morelos. 
Terreno urbano ubicado en 11 de la manzana 24, zona uno de la colonia Pedro Amaro de Jojutla Morelos. 
Terreno urbano ubicado en lote 3 de la manzana 5 de la Unidad Habitacional Jose maría Morelos y Pavón en el municipio de Xochitepec.
Terreno adjudicado ubicado en calle calandrias s/n, lote 42, colonia Obrera Popular, tercera sección, municipio de Xochitepec, Morelos. 
Casa del Jubilado y Pensionado ubicada en  Cuernavaca. 
Oficina Delegación Jojutla 
Casa habitación ubicada en  Cuernavaca Morelos. 
Casa habitacional ubicado en el poblado de AltaVista municipio de Cuernavaca. 
Departamento del Conjunto Habitacional las Fuentes en el Municipio de Emiliano Zapata. 
Terreno Ubicado en el Municipio de Emiliano Zapata Morelos. 
Bien Inmueble Dación de pago ubicado en el municipio de Emiliano Zapata.",,,,,,"TIENDAS MOCHIS
MUEBLERIA MAZATLAN
MUEBLERIA GUASAVE
MUEBLERIA ANAYA
TIENDA INFONAVIT
MUEBLERIA GUAMUCHIL
MUEBLERIA ROSARIO

",,,,44 inmuebles,"Hotel Costa Club
Almacenes para la venta de artículos domésticos, electrodomésticos y de alimentación
Guarderías
Centros vacacionales 
Campos deportivos o recreativos
Bibliotecas
Centros de capacitación y de extensión educativa y cultural",
,,,,,,,,,,,,,,,,,,,,,,,,,
Valor del Portafolio,"Se estima un valor consolidado de activos de $12,500 mdp, integrando tanto las reservas técnicas financieras como el valor de mercado de sus propiedades físicas.","$4,500 mdp","Estimado en $2,800 mdp","4,100 mdp",,"$3,100 mdp","Se estima en $3,850 mdp.","12,850 mdp","32,450 mdp","3,450 mdp","6,999.9 mdp",,,,,,,,,,,,"6,190.30 mdp",,"$1,575 mdp"
,,,,,,,,,,,,,,,,,,,,,,,,,
Portafolio: Renta,"El Instituto mantiene una cartera de renta fija y variable diseñada para mitigar la volatilidad, donde el 85% de los activos se encuentran en instrumentos de alta seguridad y el resto en activos productivos.",Concentrado en red hospitalaria propia.,,,,,,,,,,,,,,,,,,,,,26.61 mdp,,
,,,,,,,,,,,,,,,,,,,,,,,,,
Reservas Territoriales (m2),"El Instituto custodia una reserva estratégica de 1,250,000 m2, distribuida en predios en el estado de Aguascalientes, destinados a futuros desarrollos o venta estratégica.","1,100,000 m2","Cuenta con 450,000 m2 de suelo","720,000 m2",,"580,000 m2","620,000 m2 de reserva de suelo","1,450,000 m2
  de reserva de suelo","Desarrollos comerciales de alto impacto y una reserva territorial de 1,120,000 m2","El instituto gestiona bienes inmuebles y una reserva territorial de 480,000 m2 .",,,,,,,,,,,,,,,
,,,,,,,,,,,,,,,,,,,,,,,,,
Rendimiento Inmobiliario,Las unidades de negocio y propiedades reportan un rendimiento promedio del 8.5% anual.,el flujo financiero se obtiene mediante la Venta de inmuebles y lotes para fondear el déficit de la nómina de pensionados.,"El instituto opera farmacias y tiendas institucionales, las cuales generan un rendimiento inmobiliario y comercial del 6.2% anual",Se estima un rendimiento inmobiliario del 5.8%,,6.10%,5.50%,"hoteles del ISSEMYM: - 15.5 mdp
Centro Social ""Eva Sámano de López Mateos"": -13.6 mdp
estancias infantiles: -26 mdp","La administración de plazas, centros comerciales, estacionamiento y arrendamientos se generaron ingresos por 59 millones de pesos y utilidades netas por 15 millones de pesos.

8.5% anual",5.20%,"-$50,662",,,,,,,,,,,,10.81 mdp,,Los activos actualmente generan pérdidas por cerca de $200 millones anuales
,,,,,,,,,,,,,,,,,,,,,,,,,
Inversiones: Otros (Fideicomisos/Infraestructura),,Venta de inmuebles y lotes como actividad recurrente para obtener liquidez inmediata,"El instituto administra fondos específicos destinados a garantizar el otorgamiento de préstamos sin intereses para conceptos críticos como:

Compra de útiles escolares.
Adquisición de lentes y aparatos ortopédicos.
 Servicios funerarios.",,"Contrato de intermediación bursatil, Reserva de 4,534 mdp.",, Cementerio y mausoleo,"Siefore ISSEMYM, S.A. de C.V.
Inversión en Instrumentos de Deuda (Bonos Nacionales y Extranjeros)
Inversión en Instrumentos de Renta Variable
Inversión en Derivados
Inversión en Divisas
Inversión en Instrumentos Estructurados (CKD’s & CERPI’s) 
Inversión en FIBRAS y Vehículos de Inversión Inmobiliaria
Inversión en Mercancías (oro, la plata o el platino)
Inversión a través de Mandatarios
Inversión en Fondos Mutuos","Reserva de 30,030 mdp
Farmacias ISSEG: Con 202 sucursales (194 distribuidas en los 46 municipios del Estado de Guanajuato, una en Aguascalientes, dos en Jalisco y cinco en Michoacán), se generaron ingresos por más de 3 mil 532 millones de pesos en 2025 y utilidades netas por 280 millones 900 mil pesos.
Servicio de Recaudación de Contribuciones que realizan los Ayuntamientos, Juntas de Agua, Fondos y otros Organismos Públicos Descentralizados.
Pago de los servicios.
50 consultorios médicos.",,"Reservas del organismo equivalen a más de 46,695.5 mdp 
Inversiones en Mercados Financieros con $21,522 mdp","$ 13,915.4 mdp","INVERSIONES EN VALORES $ 459,045,622.54
",,"Sociedad de Inversión de Fondos de Previsión Social
Instrumentos Financieros del Gobierno Federal (Cero Riesgo)
Fideicomiso de Administración",,,"Reserva: 1,055.84 mdp",,,,"Reserva de 3,993 mdp","GRAN HOTEL XALAPA 
HOTEL CHACHALACAS
ESTACIONAMIENTOS
Reserva Técnica: 3,211.32 mdp",,